vessel_key,identity_basis,name,imo,mmsi,operator,ais_type,type_label,length_m,width_m,gross_tonnage,dimension_quality,size_band_reliable,existing_cruise_classification,candidate_classification,confidence_score,classification_reasons,exclusion_reasons,total_estimated_co2_tonnes,latest_month_estimated_co2_tonnes,observation_count,active_days,first_observed,latest_observed
MMSI:244732755,MMSI,ALESSIA,,244732755,,Passenger ship,Passenger ship,106,10,0,IMPLAUSIBLE,unknown_length,REVIEW_REQUIRED / LOW,LIKELY_FALSE_POSITIVE,0.88,MMSI present; AIS/type metadata: Passenger ship,commercial passenger/cruise scale or classification detected; dimensions are implausible for a yacht analysis,0,0,1,1,2026-07-01T14:40:40.457Z,2026-07-01T14:40:40.457Z
MMSI:244710764,MMSI,ALLEGRO,,244710764,,Passenger ship,Passenger ship,105,10,0,IMPLAUSIBLE,unknown_length,REVIEW_REQUIRED / LOW,LIKELY_FALSE_POSITIVE,0.88,MMSI present; AIS/type metadata: Passenger ship,commercial passenger/cruise scale or classification detected; dimensions are implausible for a yacht analysis,0,0,35,2,2026-07-01T14:36:54.187Z,2026-07-02T14:45:52.965Z
MMSI:244710122,MMSI,SALVINIA,,244710122,,Passenger ship,Passenger ship,90,10,0,IMPLAUSIBLE,unknown_length,REVIEW_REQUIRED / LOW,LIKELY_FALSE_POSITIVE,0.88,MMSI present; AIS/type metadata: Passenger ship,dimensions are implausible for a yacht analysis,39.087,39.087,103,2,2026-07-01T14:32:37.470Z,2026-07-02T14:40:17.848Z
MMSI:269055879,MMSI,SANS SOUCI,,269055879,,Passenger ship,Passenger ship,82,10,0,IMPLAUSIBLE,unknown_length,REVIEW_REQUIRED / LOW,LIKELY_FALSE_POSITIVE,0.88,MMSI present; AIS/type metadata: Passenger ship,dimensions are implausible for a yacht analysis,73.565,73.565,45,1,2026-07-02T11:53:07.357Z,2026-07-02T14:50:17.261Z
MMSI:244670699,MMSI,PRINS WILLEM ALEX.,,244670699,,Passenger ship,Passenger ship,85,10,0,IMPLAUSIBLE,unknown_length,REVIEW_REQUIRED / LOW,LIKELY_FALSE_POSITIVE,0.88,MMSI present; AIS/type metadata: Passenger ship,dimensions are implausible for a yacht analysis,0,0,31,2,2026-07-01T15:12:18.323Z,2026-07-02T14:48:20.018Z
MMSI:269057195,MMSI,EXCELLENCE PEARL,,269057195,,Passenger ship,Passenger ship,82,10,0,IMPLAUSIBLE,unknown_length,REVIEW_REQUIRED / LOW,LIKELY_FALSE_POSITIVE,0.88,MMSI present; AIS/type metadata: Passenger ship,dimensions are implausible for a yacht analysis,0,0,30,2,2026-07-01T14:35:15.982Z,2026-07-02T14:48:16.061Z
MMSI:211876990,MMSI,STOLZENFELS,,211876990,,69,69,80,10,0,IMPLAUSIBLE,unknown_length,REVIEW_REQUIRED / LOW,LIKELY_FALSE_POSITIVE,0.7,MMSI present; AIS/type metadata: 69,dimensions are implausible for a yacht analysis,0,0,0,0,,
MMSI:270408000,MMSI,FLORENTINA,,270408000,,Passenger ship,Passenger ship,80,10,0,IMPLAUSIBLE,unknown_length,REVIEW_REQUIRED / LOW,LIKELY_FALSE_POSITIVE,0.88,MMSI present; AIS/type metadata: Passenger ship,dimensions are implausible for a yacht analysis,0,0,102,2,2026-07-01T14:57:02.231Z,2026-07-02T14:47:54.511Z
MMSI:237013400,MMSI,COSMOS,,237013400,,Passenger ship,Passenger ship,68,10,0,IMPLAUSIBLE,unknown_length,REVIEW_REQUIRED / LOW,LIKELY_FALSE_POSITIVE,0.88,MMSI present; AIS/type metadata: Passenger ship,dimensions are implausible for a yacht analysis,72.917,72.917,65,2,2026-07-01T14:44:59.043Z,2026-07-02T14:35:50.447Z
MMSI:367325010,MMSI,PROVINCETOWN II,,367325010,,60,60,64,10,0,IMPLAUSIBLE,unknown_length,REVIEW_REQUIRED / LOW,LIKELY_FALSE_POSITIVE,0.7,MMSI present; AIS/type metadata: 60,dimensions are implausible for a yacht analysis,34.13,34.13,104,2,2026-07-01T14:49:38.156Z,2026-07-02T12:50:16.289Z
IMO:9849693,IMO,ARVIA,9849693,310856000,,Passenger ship,Passenger ship,344,54,0,IMPLAUSIBLE,unknown_length,VERIFIED_OCEAN_CRUISE / HIGH / ACCEPT,LIKELY_FALSE_POSITIVE,0.88,IMO present; MMSI present; AIS/type metadata: Passenger ship,already verified as an accepted ocean/expedition cruise vessel; commercial passenger/cruise scale or classification detected; dimensions are implausible for a yacht analysis,2233.061,2233.061,1667,7,2026-07-01T16:32:18.674Z,2026-07-10T10:09:25.660Z
MMSI:265535300,MMSI,TEATERSKEPPET,,265535300,,60,60,60,10,0,IMPLAUSIBLE,unknown_length,REVIEW_REQUIRED / LOW,LIKELY_FALSE_POSITIVE,0.7,MMSI present; AIS/type metadata: 60,dimensions are implausible for a yacht analysis,3.787,3.787,110,2,2026-07-01T15:20:03.429Z,2026-07-02T14:40:41.632Z
MMSI:211493760,MMSI,WAPPEN VON FRANKFURT,,211493760,,Passenger ship,Passenger ship,45,10,0,IMPLAUSIBLE,unknown_length,REVIEW_REQUIRED / LOW,LIKELY_FALSE_POSITIVE,0.88,MMSI present; AIS/type metadata: Passenger ship,dimensions are implausible for a yacht analysis,143.369,143.369,86,2,2026-07-01T14:34:38.292Z,2026-07-02T14:46:55.022Z
MMSI:367340680,MMSI,MACHIGONNE II,,367340680,,Passenger ship,Passenger ship,43,28,0,IMPLAUSIBLE,unknown_length,REVIEW_REQUIRED / LOW,LIKELY_FALSE_POSITIVE,0.88,MMSI present; AIS/type metadata: Passenger ship,dimensions are implausible for a yacht analysis,153.159,153.159,66,2,2026-07-01T14:36:08.868Z,2026-07-02T14:35:44.339Z
MMSI:366969970,MMSI,SONOMA,,366969970,,Passenger ship,Passenger ship,47,10,0,IMPLAUSIBLE,unknown_length,REVIEW_REQUIRED / LOW,LIKELY_FALSE_POSITIVE,0.88,MMSI present; AIS/type metadata: Passenger ship,dimensions are implausible for a yacht analysis,107.37,107.37,158,2,2026-07-01T15:08:46.521Z,2026-07-02T14:50:45.352Z
MMSI:244660378,MMSI,FRIESLAND,,244660378,,Passenger ship,Passenger ship,53,10,0,IMPLAUSIBLE,unknown_length,REVIEW_REQUIRED / LOW,LIKELY_FALSE_POSITIVE,0.88,MMSI present; AIS/type metadata: Passenger ship,dimensions are implausible for a yacht analysis,41.753,41.753,96,2,2026-07-01T14:31:29.507Z,2026-07-02T14:50:00.180Z
MMSI:368392620,MMSI,JACKIE ROBINSON,,368392620,,Passenger ship,Passenger ship,55,10,0,IMPLAUSIBLE,unknown_length,REVIEW_REQUIRED / LOW,LIKELY_FALSE_POSITIVE,0.88,MMSI present; AIS/type metadata: Passenger ship,dimensions are implausible for a yacht analysis,0,0,28,1,2026-07-02T11:52:39.990Z,2026-07-02T14:40:49.825Z
MMSI:211561590,MMSI,MARIA SIBYLLA MERIAN,,211561590,,Passenger ship,Passenger ship,50,10,0,IMPLAUSIBLE,unknown_length,REVIEW_REQUIRED / LOW,LIKELY_FALSE_POSITIVE,0.88,MMSI present; AIS/type metadata: Passenger ship,dimensions are implausible for a yacht analysis,43.023,43.023,80,2,2026-07-01T14:40:37.550Z,2026-07-02T14:39:47.685Z
MMSI:367759510,MMSI,CIRCLE LINE BRONX,,367759510,,Passenger ship,Passenger ship,47,10,0,IMPLAUSIBLE,unknown_length,REVIEW_REQUIRED / LOW,LIKELY_FALSE_POSITIVE,0.88,MMSI present; AIS/type metadata: Passenger ship,dimensions are implausible for a yacht analysis,53.76,53.76,102,2,2026-07-01T14:43:22.690Z,2026-07-02T14:46:01.026Z
MMSI:244169000,MMSI,PRINSES MAXIMA,,244169000,,Passenger ship,Passenger ship,38,18,0,IMPLAUSIBLE,unknown_length,REVIEW_REQUIRED / LOW,LIKELY_FALSE_POSITIVE,0.88,MMSI present; AIS/type metadata: Passenger ship,dimensions are implausible for a yacht analysis,139.109,139.109,173,2,2026-07-01T14:51:56.020Z,2026-07-02T14:50:01.827Z
MMSI:244830745,MMSI,SPES ORIENTIS,,244830745,,Passenger ship,Passenger ship,38,10,0,IMPLAUSIBLE,unknown_length,REVIEW_REQUIRED / LOW,LIKELY_FALSE_POSITIVE,0.88,MMSI present; AIS/type metadata: Passenger ship,dimensions are implausible for a yacht analysis,134.201,134.201,178,2,2026-07-01T14:28:43.225Z,2026-07-02T14:45:41.934Z
MMSI:257090700,MMSI,BATSERVISE IX,,257090700,,Passenger ship,Passenger ship,40,10,0,IMPLAUSIBLE,unknown_length,REVIEW_REQUIRED / LOW,LIKELY_FALSE_POSITIVE,0.88,MMSI present; AIS/type metadata: Passenger ship,dimensions are implausible for a yacht analysis,113.474,113.474,89,2,2026-07-01T14:40:36.798Z,2026-07-02T14:49:46.504Z
MMSI:244750035,MMSI,OPHEUSDENSEVEER,,244750035,,Passenger ship,Passenger ship,40,19,0,IMPLAUSIBLE,unknown_length,REVIEW_REQUIRED / LOW,LIKELY_FALSE_POSITIVE,0.88,MMSI present; AIS/type metadata: Passenger ship,dimensions are implausible for a yacht analysis,112.976,112.976,141,2,2026-07-01T14:34:28.087Z,2026-07-02T14:48:19.866Z
MMSI:244790086,MMSI,SUPPERCLUB CRUISE,,244790086,,Passenger ship,Passenger ship,51,10,0,IMPLAUSIBLE,unknown_length,REVIEW_REQUIRED / LOW,LIKELY_FALSE_POSITIVE,0.88,MMSI present; AIS/type metadata: Passenger ship,dimensions are implausible for a yacht analysis,0,0,119,2,2026-07-01T14:48:12.011Z,2026-07-02T14:50:52.730Z
MMSI:244630159,MMSI,NOORDWESTHOEK 1,,244630159,,Passenger ship,Passenger ship,37,10,0,IMPLAUSIBLE,unknown_length,REVIEW_REQUIRED / LOW,LIKELY_FALSE_POSITIVE,0.88,MMSI present; AIS/type metadata: Passenger ship,dimensions are implausible for a yacht analysis,138.013,138.013,153,2,2026-07-01T14:32:42.210Z,2026-07-02T14:46:11.693Z
MMSI:211577480,MMSI,NIEDERRHEIN,,211577480,,Passenger ship,Passenger ship,40,10,0,IMPLAUSIBLE,unknown_length,REVIEW_REQUIRED / LOW,LIKELY_FALSE_POSITIVE,0.88,MMSI present; AIS/type metadata: Passenger ship,dimensions are implausible for a yacht analysis,102.114,102.114,16,2,2026-07-01T16:22:21.614Z,2026-07-02T14:35:46.056Z
MMSI:211512430,MMSI,HANSEATIC,,211512430,,Passenger ship,Passenger ship,50,10,0,IMPLAUSIBLE,unknown_length,REVIEW_REQUIRED / LOW,LIKELY_FALSE_POSITIVE,0.88,MMSI present; AIS/type metadata: Passenger ship,dimensions are implausible for a yacht analysis,0,0,136,2,2026-07-01T14:31:27.242Z,2026-07-02T14:50:57.798Z
MMSI:235052123,MMSI,MILLENNIUM CITY,,235052123,,Passenger ship,Passenger ship,38,10,0,IMPLAUSIBLE,unknown_length,REVIEW_REQUIRED / LOW,LIKELY_FALSE_POSITIVE,0.88,MMSI present; AIS/type metadata: Passenger ship,dimensions are implausible for a yacht analysis,115.517,115.517,133,2,2026-07-01T14:49:15.080Z,2026-07-02T14:45:38.426Z
MMSI:244010913,MMSI,ALPHEN,,244010913,,Passenger ship,Passenger ship,36,18,0,IMPLAUSIBLE,unknown_length,REVIEW_REQUIRED / LOW,LIKELY_FALSE_POSITIVE,0.88,MMSI present; AIS/type metadata: Passenger ship,dimensions are implausible for a yacht analysis,132.432,132.432,128,2,2026-07-01T14:28:04.899Z,2026-07-02T14:49:34.028Z
MMSI:367799590,MMSI,MISS FREEDOM,,367799590,,Passenger ship,Passenger ship,40,10,0,IMPLAUSIBLE,unknown_length,REVIEW_REQUIRED / LOW,LIKELY_FALSE_POSITIVE,0.88,MMSI present; AIS/type metadata: Passenger ship,dimensions are implausible for a yacht analysis,85.722,85.722,30,2,2026-07-01T15:55:42.831Z,2026-07-02T14:49:05.345Z
MMSI:211508850,MMSI,STADT REES,,211508850,,Passenger ship,Passenger ship,43,25,0,IMPLAUSIBLE,unknown_length,REVIEW_REQUIRED / LOW,LIKELY_FALSE_POSITIVE,0.88,MMSI present; AIS/type metadata: Passenger ship,dimensions are implausible for a yacht analysis,52.739,52.739,35,1,2026-07-02T12:21:35.150Z,2026-07-02T14:48:35.015Z
MMSI:367437970,MMSI,PORTLAND SPIRIT,,367437970,,60,60,46,10,0,IMPLAUSIBLE,unknown_length,REVIEW_REQUIRED / LOW,LIKELY_FALSE_POSITIVE,0.7,MMSI present; AIS/type metadata: 60,dimensions are implausible for a yacht analysis,14.549,14.549,12,1,2026-07-01T16:35:50.523Z,2026-07-01T18:15:49.331Z
MMSI:244001992,MMSI,SCHILKSEE,,244001992,,Passenger ship,Passenger ship,34,10,0,IMPLAUSIBLE,unknown_length,REVIEW_REQUIRED / LOW,LIKELY_FALSE_POSITIVE,0.88,MMSI present; AIS/type metadata: Passenger ship,dimensions are implausible for a yacht analysis,129.46800000000002,129.46800000000002,188,2,2026-07-01T14:38:33.199Z,2026-07-02T14:49:42.208Z
MMSI:244730365,MMSI,VRIJHEID,,244730365,,Passenger ship,Passenger ship,38,10,0,IMPLAUSIBLE,unknown_length,REVIEW_REQUIRED / LOW,LIKELY_FALSE_POSITIVE,0.88,MMSI present; AIS/type metadata: Passenger ship,dimensions are implausible for a yacht analysis,87.117,87.117,123,2,2026-07-01T14:40:11.337Z,2026-07-02T14:50:50.280Z
MMSI:368028720,MMSI,MISS NEW YORK,,368028720,,Passenger ship,Passenger ship,37,10,0,IMPLAUSIBLE,unknown_length,REVIEW_REQUIRED / LOW,LIKELY_FALSE_POSITIVE,0.88,MMSI present; AIS/type metadata: Passenger ship,dimensions are implausible for a yacht analysis,94.317,94.317,25,2,2026-07-01T16:28:54.596Z,2026-07-02T14:51:02.280Z
MMSI:244138490,MMSI,PRINSES AMALIA,,244138490,,69,69,45,10,0,IMPLAUSIBLE,unknown_length,REVIEW_REQUIRED / LOW,LIKELY_FALSE_POSITIVE,0.7,MMSI present; AIS/type metadata: 69,dimensions are implausible for a yacht analysis,11.983,11.983,33,2,2026-07-01T14:39:13.194Z,2026-07-02T12:42:53.009Z
MMSI:244574000,MMSI,PR.WILLEM ALEXANDER,,244574000,,Passenger ship,Passenger ship,38,18,0,IMPLAUSIBLE,unknown_length,REVIEW_REQUIRED / LOW,LIKELY_FALSE_POSITIVE,0.88,MMSI present; AIS/type metadata: Passenger ship,dimensions are implausible for a yacht analysis,79.19600000000001,79.19600000000001,113,2,2026-07-01T15:38:24.936Z,2026-07-02T14:51:10.998Z
MMSI:230035990,MMSI,OSTERN,,230035990,,Passenger ship,Passenger ship,33,10,0,IMPLAUSIBLE,unknown_length,REVIEW_REQUIRED / LOW,LIKELY_FALSE_POSITIVE,0.88,MMSI present; AIS/type metadata: Passenger ship,dimensions are implausible for a yacht analysis,124.06199999999998,124.06199999999998,59,2,2026-07-01T14:43:11.365Z,2026-07-02T14:39:49.323Z
MMSI:219015127,MMSI,EGHOLM II,,219015127,,Passenger ship,Passenger ship,38,10,0,IMPLAUSIBLE,unknown_length,REVIEW_REQUIRED / LOW,LIKELY_FALSE_POSITIVE,0.88,MMSI present; AIS/type metadata: Passenger ship,dimensions are implausible for a yacht analysis,69.33,69.33,78,2,2026-07-01T15:30:06.311Z,2026-07-02T14:42:19.684Z
MMSI:244030940,MMSI,WITTE DE WITH,,244030940,,Passenger ship,Passenger ship,38,10,0,IMPLAUSIBLE,unknown_length,REVIEW_REQUIRED / LOW,LIKELY_FALSE_POSITIVE,0.88,MMSI present; AIS/type metadata: Passenger ship,dimensions are implausible for a yacht analysis,68.06,68.06,142,2,2026-07-01T14:30:13.391Z,2026-07-02T14:49:18.530Z
MMSI:211217860,MMSI,ROSTOCKER7,,211217860,,Passenger ship,Passenger ship,39,10,0,IMPLAUSIBLE,unknown_length,REVIEW_REQUIRED / LOW,LIKELY_FALSE_POSITIVE,0.88,MMSI present; AIS/type metadata: Passenger ship,dimensions are implausible for a yacht analysis,57.298,57.298,140,2,2026-07-01T14:28:35.016Z,2026-07-02T14:49:35.196Z
MMSI:368144670,MMSI,FRANKLIN D ROOSEVELT,,368144670,,Passenger ship,Passenger ship,36,10,0,IMPLAUSIBLE,unknown_length,REVIEW_REQUIRED / LOW,LIKELY_FALSE_POSITIVE,0.88,MMSI present; AIS/type metadata: Passenger ship,dimensions are implausible for a yacht analysis,76.006,76.006,86,2,2026-07-01T14:46:20.636Z,2026-07-02T14:49:42.374Z
MMSI:211871880,MMSI,RUTH,,211871880,,Passenger ship,Passenger ship,32,24,0,IMPLAUSIBLE,unknown_length,REVIEW_REQUIRED / LOW,LIKELY_FALSE_POSITIVE,0.88,MMSI present; AIS/type metadata: Passenger ship,dimensions are implausible for a yacht analysis,113.623,113.623,160,2,2026-07-01T14:36:22.665Z,2026-07-02T14:51:02.644Z
MMSI:244730008,MMSI,BRUINVIS,,244730008,,Passenger ship,Passenger ship,42,10,0,IMPLAUSIBLE,unknown_length,REVIEW_REQUIRED / LOW,LIKELY_FALSE_POSITIVE,0.88,MMSI present; AIS/type metadata: Passenger ship,dimensions are implausible for a yacht analysis,0,0,129,2,2026-07-01T14:34:46.369Z,2026-07-02T14:51:16.143Z
MMSI:218029270,MMSI,ELSE,,218029270,,Passenger ship,Passenger ship,36,10,0,IMPLAUSIBLE,unknown_length,REVIEW_REQUIRED / LOW,LIKELY_FALSE_POSITIVE,0.88,MMSI present; AIS/type metadata: Passenger ship,dimensions are implausible for a yacht analysis,54.732,54.732,44,2,2026-07-01T17:11:11.779Z,2026-07-02T14:47:52.075Z
MMSI:503106790,MMSI,BALMORAL,,503106790,,Passenger ship,Passenger ship,35,10,0,IMPLAUSIBLE,unknown_length,REVIEW_REQUIRED / LOW,LIKELY_FALSE_POSITIVE,0.88,MMSI present; AIS/type metadata: Passenger ship,dimensions are implausible for a yacht analysis,63.202,63.202,76,2,2026-07-01T15:31:35.483Z,2026-07-02T14:47:23.858Z
MMSI:235054917,MMSI,CITY GAMMA,,235054917,,Passenger ship,Passenger ship,31,10,0,IMPLAUSIBLE,unknown_length,REVIEW_REQUIRED / LOW,LIKELY_FALSE_POSITIVE,0.88,MMSI present; AIS/type metadata: Passenger ship,dimensions are implausible for a yacht analysis,91.278,91.278,101,2,2026-07-01T14:43:40.007Z,2026-07-02T14:51:16.098Z
MMSI:503106820,MMSI,FAIRLIGHT,,503106820,,Passenger ship,Passenger ship,35,10,0,IMPLAUSIBLE,unknown_length,REVIEW_REQUIRED / LOW,LIKELY_FALSE_POSITIVE,0.88,MMSI present; AIS/type metadata: Passenger ship,dimensions are implausible for a yacht analysis,45.913,45.913,128,2,2026-07-01T15:13:36.183Z,2026-07-02T14:49:59.967Z
MMSI:503106810,MMSI,CLONTARF,,503106810,,60,60,35,10,0,IMPLAUSIBLE,unknown_length,REVIEW_REQUIRED / LOW,LIKELY_FALSE_POSITIVE,0.7,MMSI present; AIS/type metadata: 60,dimensions are implausible for a yacht analysis,45.838,45.838,50,1,2026-07-02T12:07:45.813Z,2026-07-02T14:48:37.708Z
MMSI:338224000,MMSI,DOC MAYNARD,,338224000,,Passenger ship,Passenger ship,31,10,0,IMPLAUSIBLE,unknown_length,REVIEW_REQUIRED / LOW,LIKELY_FALSE_POSITIVE,0.88,MMSI present; AIS/type metadata: Passenger ship,dimensions are implausible for a yacht analysis,81.213,81.213,169,2,2026-07-01T15:15:55.015Z,2026-07-02T14:51:06.829Z
MMSI:211462760,MMSI,STOLPMUENDE,,211462760,,Passenger ship,Passenger ship,30,10,0,IMPLAUSIBLE,unknown_length,REVIEW_REQUIRED / LOW,LIKELY_FALSE_POSITIVE,0.88,MMSI present; AIS/type metadata: Passenger ship,dimensions are implausible for a yacht analysis,88.113,88.113,111,2,2026-07-01T14:44:58.915Z,2026-07-02T14:50:18.807Z
MMSI:244740616,MMSI,BREEVEERTIEN,,244740616,,Passenger ship,Passenger ship,33,15,0,IMPLAUSIBLE,unknown_length,REVIEW_REQUIRED / LOW,LIKELY_FALSE_POSITIVE,0.88,MMSI present; AIS/type metadata: Passenger ship,dimensions are implausible for a yacht analysis,57.048,57.048,63,2,2026-07-01T14:54:43.768Z,2026-07-02T14:46:40.813Z
MMSI:211594530,MMSI,AUDORF,,211594530,,69,69,29,10,0,IMPLAUSIBLE,unknown_length,REVIEW_REQUIRED / LOW,LIKELY_FALSE_POSITIVE,0.7,MMSI present; AIS/type metadata: 69,dimensions are implausible for a yacht analysis,91.602,91.602,108,2,2026-07-01T14:44:23.502Z,2026-07-02T14:49:13.313Z
MMSI:244010025,MMSI,PIET HEIN,,244010025,,Passenger ship,Passenger ship,38,10,0,IMPLAUSIBLE,unknown_length,REVIEW_REQUIRED / LOW,LIKELY_FALSE_POSITIVE,0.88,MMSI present; AIS/type metadata: Passenger ship,dimensions are implausible for a yacht analysis,0,0,141,2,2026-07-01T14:27:33.019Z,2026-07-02T14:51:14.435Z
MMSI:368098930,MMSI,DREAM BOAT,,368098930,,Passenger ship,Passenger ship,29,10,0,IMPLAUSIBLE,unknown_length,REVIEW_REQUIRED / LOW,LIKELY_FALSE_POSITIVE,0.88,MMSI present; AIS/type metadata: Passenger ship,dimensions are implausible for a yacht analysis,84.103,84.103,68,2,2026-07-01T17:34:06.447Z,2026-07-02T14:42:28.264Z
MMSI:211388870,MMSI,ARLAU,,211388870,,Passenger ship,Passenger ship,30,10,0,IMPLAUSIBLE,unknown_length,REVIEW_REQUIRED / LOW,LIKELY_FALSE_POSITIVE,0.88,MMSI present; AIS/type metadata: Passenger ship,dimensions are implausible for a yacht analysis,69.529,69.529,110,2,2026-07-01T14:43:45.929Z,2026-07-02T14:49:55.847Z
MMSI:211360810,MMSI,RHEINCARGO,,211360810,,Passenger ship,Passenger ship,33,10,0,IMPLAUSIBLE,unknown_length,REVIEW_REQUIRED / LOW,LIKELY_FALSE_POSITIVE,0.88,MMSI present; AIS/type metadata: Passenger ship,non-yacht service/commercial vessel signal detected; dimensions are implausible for a yacht analysis,33.158,33.158,38,2,2026-07-01T16:57:42.138Z,2026-07-02T14:35:18.824Z
MMSI:245742000,MMSI,NIEUWE MAZE,,245742000,,Passenger ship,Passenger ship,30,10,0,IMPLAUSIBLE,unknown_length,REVIEW_REQUIRED / LOW,LIKELY_FALSE_POSITIVE,0.88,MMSI present; AIS/type metadata: Passenger ship,dimensions are implausible for a yacht analysis,60.985,60.985,81,2,2026-07-01T14:36:43.116Z,2026-07-02T14:46:06.048Z
MMSI:205411090,MMSI,JAN VAN EYCK,,205411090,,Passenger ship,Passenger ship,30,10,0,IMPLAUSIBLE,unknown_length,REVIEW_REQUIRED / LOW,LIKELY_FALSE_POSITIVE,0.88,MMSI present; AIS/type metadata: Passenger ship,dimensions are implausible for a yacht analysis,50.023,50.023,12,1,2026-07-01T15:53:27.542Z,2026-07-01T18:04:07.278Z
MMSI:503059930,MMSI,MAY GIBBS,,503059930,,Passenger ship,Passenger ship,35,10,0,IMPLAUSIBLE,unknown_length,REVIEW_REQUIRED / LOW,LIKELY_FALSE_POSITIVE,0.88,MMSI present; AIS/type metadata: Passenger ship,dimensions are implausible for a yacht analysis,0,0,64,1,2026-07-01T15:17:57.222Z,2026-07-01T18:16:46.160Z
MMSI:218035310,MMSI,LABOE,,218035310,,Passenger ship,Passenger ship,34,10,0,IMPLAUSIBLE,unknown_length,REVIEW_REQUIRED / LOW,LIKELY_FALSE_POSITIVE,0.88,MMSI present; AIS/type metadata: Passenger ship,dimensions are implausible for a yacht analysis,0,0,46,2,2026-07-01T15:22:04.861Z,2026-07-02T14:49:05.606Z
MMSI:366872110,MMSI,HERON,,366872110,,Passenger ship,Passenger ship,34,44,0,IMPLAUSIBLE,unknown_length,REVIEW_REQUIRED / LOW,LIKELY_FALSE_POSITIVE,0.88,MMSI present; AIS/type metadata: Passenger ship,dimensions are implausible for a yacht analysis,0,0,117,2,2026-07-01T14:42:47.611Z,2026-07-02T14:49:27.212Z
MMSI:503756000,MMSI,REEF ADVENTURE,,503756000,,Passenger ship,Passenger ship,34,10,0,IMPLAUSIBLE,unknown_length,REVIEW_REQUIRED / LOW,LIKELY_FALSE_POSITIVE,0.88,MMSI present; AIS/type metadata: Passenger ship,dimensions are implausible for a yacht analysis,0,0,118,2,2026-07-01T15:37:08.148Z,2026-07-02T14:49:39.242Z
MMSI:368152730,MMSI,TOOTH FERRY,,368152730,,Passenger ship,Passenger ship,26,10,0,IMPLAUSIBLE,unknown_length,REVIEW_REQUIRED / LOW,LIKELY_FALSE_POSITIVE,0.88,MMSI present; AIS/type metadata: Passenger ship,non-yacht service/commercial vessel signal detected; dimensions are implausible for a yacht analysis,78.722,78.722,84,1,2026-07-01T14:35:44.904Z,2026-07-01T18:17:15.380Z
MMSI:366751060,MMSI,ROBERT G BROWNLEE,,366751060,,Passenger ship,Passenger ship,30,10,0,IMPLAUSIBLE,unknown_length,REVIEW_REQUIRED / LOW,LIKELY_FALSE_POSITIVE,0.88,MMSI present; AIS/type metadata: Passenger ship,dimensions are implausible for a yacht analysis,36.471,36.471,42,1,2026-07-01T16:48:42.652Z,2026-07-01T18:16:32.972Z
MMSI:211440340,MMSI,KUESTRIN,,211440340,,Passenger ship,Passenger ship,32,10,0,IMPLAUSIBLE,unknown_length,REVIEW_REQUIRED / LOW,LIKELY_FALSE_POSITIVE,0.88,MMSI present; AIS/type metadata: Passenger ship,dimensions are implausible for a yacht analysis,0,0,109,2,2026-07-01T14:32:54.675Z,2026-07-02T14:50:14.354Z
MMSI:512216820,MMSI,WAITEMATA 1,,512216820,,Passenger ship,Passenger ship,32,10,0,IMPLAUSIBLE,unknown_length,REVIEW_REQUIRED / LOW,LIKELY_FALSE_POSITIVE,0.88,MMSI present; AIS/type metadata: Passenger ship,dimensions are implausible for a yacht analysis,0,0,48,2,2026-07-01T17:15:11.461Z,2026-07-02T14:48:25.756Z
MMSI:368353060,MMSI,ATLANTIC STAR,,368353060,,Passenger ship,Passenger ship,24,16,0,IMPLAUSIBLE,unknown_length,REVIEW_REQUIRED / LOW,LIKELY_FALSE_POSITIVE,0.88,MMSI present; AIS/type metadata: Passenger ship,dimensions are implausible for a yacht analysis,65.718,65.718,26,2,2026-07-01T15:47:26.448Z,2026-07-02T14:47:38.425Z
MMSI:367074170,MMSI,FREDERICK L NOLAN JR,,367074170,,Passenger ship,Passenger ship,25,10,0,IMPLAUSIBLE,unknown_length,REVIEW_REQUIRED / LOW,LIKELY_FALSE_POSITIVE,0.88,MMSI present; AIS/type metadata: Passenger ship,dimensions are implausible for a yacht analysis,53.835,53.835,122,2,2026-07-01T15:06:19.894Z,2026-07-02T14:46:15.448Z
MMSI:224675170,MMSI,SAONA MARINA,,224675170,,Passenger ship,Passenger ship,24,10,0,IMPLAUSIBLE,unknown_length,REVIEW_REQUIRED / LOW,LIKELY_FALSE_POSITIVE,0.88,MMSI present; AIS/type metadata: Passenger ship,dimensions are implausible for a yacht analysis,61.657,61.657,66,2,2026-07-01T14:46:44.198Z,2026-07-02T14:45:34.024Z
MMSI:235031588,MMSI,WIGHT SCENE,,235031588,,Passenger ship,Passenger ship,29,10,0,IMPLAUSIBLE,unknown_length,REVIEW_REQUIRED / LOW,LIKELY_FALSE_POSITIVE,0.88,MMSI present; AIS/type metadata: Passenger ship,dimensions are implausible for a yacht analysis,10.114,10.114,18,1,2026-07-02T12:06:38.188Z,2026-07-02T12:49:27.387Z
MMSI:211818140,MMSI,ALSTER,,211818140,,Passenger ship,Passenger ship,30,10,0,IMPLAUSIBLE,unknown_length,REVIEW_REQUIRED / LOW,LIKELY_FALSE_POSITIVE,0.88,MMSI present; AIS/type metadata: Passenger ship,dimensions are implausible for a yacht analysis,0,0,14,2,2026-07-01T14:34:44.085Z,2026-07-02T14:49:57.767Z
MMSI:367315540,MMSI,FLAMINGO,,367315540,,Passenger ship,Passenger ship,30,16,0,IMPLAUSIBLE,unknown_length,REVIEW_REQUIRED / LOW,LIKELY_FALSE_POSITIVE,0.88,MMSI present; AIS/type metadata: Passenger ship,dimensions are implausible for a yacht analysis,0,0,87,2,2026-07-01T15:26:24.606Z,2026-07-02T14:51:06.112Z
MMSI:369264000,MMSI,ISLAND_EXPLORER 5,,369264000,,Passenger ship,Passenger ship,30,10,0,IMPLAUSIBLE,unknown_length,REVIEW_REQUIRED / LOW,LIKELY_FALSE_POSITIVE,0.88,MMSI present; AIS/type metadata: Passenger ship,dimensions are implausible for a yacht analysis,0,0,3,1,2026-07-01T18:10:25.142Z,2026-07-01T18:17:15.937Z
MMSI:232006214,MMSI,ALI CAT OF COWES,,232006214,,Passenger ship,Passenger ship,20,10,0,IMPLAUSIBLE,unknown_length,REVIEW_REQUIRED / LOW,LIKELY_FALSE_POSITIVE,0.88,MMSI present; AIS/type metadata: Passenger ship,dimensions are implausible for a yacht analysis,96.933,96.933,102,2,2026-07-01T15:12:15.842Z,2026-07-02T14:50:48.678Z
MMSI:316050404,MMSI,DAVID HORNELL,,316050404,,Passenger ship,Passenger ship,29,14,0,IMPLAUSIBLE,unknown_length,REVIEW_REQUIRED / LOW,LIKELY_FALSE_POSITIVE,0.88,MMSI present; AIS/type metadata: Passenger ship,dimensions are implausible for a yacht analysis,0,0,81,2,2026-07-01T15:17:51.213Z,2026-07-02T14:49:11.258Z
MMSI:367302270,MMSI,DESTINY,,367302270,,60,60,28,10,0,IMPLAUSIBLE,unknown_length,REVIEW_REQUIRED / LOW,LIKELY_FALSE_POSITIVE,0.7,MMSI present; AIS/type metadata: 60,dimensions are implausible for a yacht analysis,8.096,8.096,76,1,2026-07-01T14:27:57.092Z,2026-07-01T18:15:08.398Z
MMSI:367177610,MMSI,FORT_INDEPENDENCE,,367177610,,Passenger ship,Passenger ship,27,10,0,IMPLAUSIBLE,unknown_length,REVIEW_REQUIRED / LOW,LIKELY_FALSE_POSITIVE,0.88,MMSI present; AIS/type metadata: Passenger ship,dimensions are implausible for a yacht analysis,17.364,17.364,46,1,2026-07-02T12:42:53.041Z,2026-07-02T14:49:29.210Z
MMSI:235023221,MMSI,OCEAN SCENE,,235023221,,Passenger ship,Passenger ship,26,10,0,IMPLAUSIBLE,unknown_length,REVIEW_REQUIRED / LOW,LIKELY_FALSE_POSITIVE,0.88,MMSI present; AIS/type metadata: Passenger ship,dimensions are implausible for a yacht analysis,23.193,23.193,31,1,2026-07-02T11:52:08.294Z,2026-07-02T12:47:58.139Z
MMSI:225987264,MMSI,AVENTURERO,,225987264,,Passenger ship,Passenger ship,23,11,0,IMPLAUSIBLE,unknown_length,REVIEW_REQUIRED / LOW,LIKELY_FALSE_POSITIVE,0.88,MMSI present; AIS/type metadata: Passenger ship,dimensions are implausible for a yacht analysis,51.468,51.468,91,2,2026-07-01T14:53:03.704Z,2026-07-02T14:49:54.751Z
MMSI:368353230,MMSI,MARK G GOODE,,368353230,,Passenger ship,Passenger ship,28,14,0,IMPLAUSIBLE,unknown_length,REVIEW_REQUIRED / LOW,LIKELY_FALSE_POSITIVE,0.88,MMSI present; AIS/type metadata: Passenger ship,dimensions are implausible for a yacht analysis,0,0,43,2,2026-07-01T15:45:44.156Z,2026-07-02T14:46:25.234Z
MMSI:503344900,MMSI,ALEXANDER,,503344900,,Passenger ship,Passenger ship,25,10,0,IMPLAUSIBLE,unknown_length,REVIEW_REQUIRED / LOW,LIKELY_FALSE_POSITIVE,0.88,MMSI present; AIS/type metadata: Passenger ship,dimensions are implausible for a yacht analysis,23.168,23.168,48,2,2026-07-01T15:09:01.500Z,2026-07-02T14:45:24.646Z
MMSI:244386742,MMSI,MSTX 36,,244386742,,Passenger ship,Passenger ship,12,9,0,IMPLAUSIBLE,unknown_length,REVIEW_REQUIRED / LOW,LIKELY_FALSE_POSITIVE,0.88,MMSI present; AIS/type metadata: Passenger ship,dimensions are implausible for a yacht analysis,150.867,150.867,182,2,2026-07-01T14:49:12.571Z,2026-07-02T14:49:06.133Z
MMSI:367404860,MMSI,FANTASEA ONE,,367404860,,Passenger ship,Passenger ship,27,10,0,IMPLAUSIBLE,unknown_length,REVIEW_REQUIRED / LOW,LIKELY_FALSE_POSITIVE,0.88,MMSI present; AIS/type metadata: Passenger ship,dimensions are implausible for a yacht analysis,0,0,116,2,2026-07-01T15:16:52.927Z,2026-07-02T14:51:12.733Z
MMSI:368197680,MMSI,UNITY!,,368197680,,Passenger ship,Passenger ship,27,10,0,IMPLAUSIBLE,unknown_length,REVIEW_REQUIRED / LOW,LIKELY_FALSE_POSITIVE,0.88,MMSI present; AIS/type metadata: Passenger ship,dimensions are implausible for a yacht analysis,0,0,102,2,2026-07-01T14:41:40.807Z,2026-07-02T14:49:20.489Z
MMSI:366902350,MMSI,GOV THOMAS H KEAN,,366902350,,Passenger ship,Passenger ship,26,10,0,IMPLAUSIBLE,unknown_length,REVIEW_REQUIRED / LOW,LIKELY_FALSE_POSITIVE,0.88,MMSI present; AIS/type metadata: Passenger ship,dimensions are implausible for a yacht analysis,8.918,8.918,4,1,2026-07-02T13:59:50.229Z,2026-07-02T14:26:26.993Z
MMSI:244660747,MMSI,AQUA SHUTTLE,,244660747,,Passenger ship,Passenger ship,26,10,0,IMPLAUSIBLE,unknown_length,REVIEW_REQUIRED / LOW,LIKELY_FALSE_POSITIVE,0.88,MMSI present; AIS/type metadata: Passenger ship,dimensions are implausible for a yacht analysis,0,0,118,2,2026-07-01T14:35:38.645Z,2026-07-02T14:49:48.825Z
MMSI:316042165,MMSI,JESSICA AND TREVOR 7,,316042165,,Passenger ship,Passenger ship,26,30,0,IMPLAUSIBLE,unknown_length,REVIEW_REQUIRED / LOW,LIKELY_FALSE_POSITIVE,0.88,MMSI present; AIS/type metadata: Passenger ship,dimensions are implausible for a yacht analysis,0,0,22,1,2026-07-02T12:23:37.317Z,2026-07-02T14:50:26.359Z
MMSI:503344800,MMSI,SUPPLY,,503344800,,Passenger ship,Passenger ship,26,10,0,IMPLAUSIBLE,unknown_length,REVIEW_REQUIRED / LOW,LIKELY_FALSE_POSITIVE,0.88,MMSI present; AIS/type metadata: Passenger ship,non-yacht service/commercial vessel signal detected; dimensions are implausible for a yacht analysis,0,0,57,2,2026-07-01T17:14:56.019Z,2026-07-02T14:47:54.377Z
MMSI:244001620,MMSI,STARBOARD,,244001620,,Passenger ship,Passenger ship,10,4,0,IMPLAUSIBLE,unknown_length,REVIEW_REQUIRED / LOW,LIKELY_FALSE_POSITIVE,0.88,MMSI present; AIS/type metadata: Passenger ship,dimensions are implausible for a yacht analysis,154.928,154.928,119,2,2026-07-01T14:46:22.857Z,2026-07-02T14:47:30.927Z
MMSI:503345300,MMSI,FISHBURN,,503345300,,Passenger ship,Passenger ship,25,10,0,IMPLAUSIBLE,unknown_length,REVIEW_REQUIRED / LOW,LIKELY_FALSE_POSITIVE,0.88,MMSI present; AIS/type metadata: Passenger ship,dimensions are implausible for a yacht analysis,0,0,94,2,2026-07-01T15:13:34.815Z,2026-07-02T14:47:54.597Z
MMSI:503345700,MMSI,SIRIUS,,503345700,,Passenger ship,Passenger ship,25,10,0,IMPLAUSIBLE,unknown_length,REVIEW_REQUIRED / LOW,LIKELY_FALSE_POSITIVE,0.88,MMSI present; AIS/type metadata: Passenger ship,dimensions are implausible for a yacht analysis,0,0,63,2,2026-07-01T15:28:46.925Z,2026-07-02T14:46:11.243Z
MMSI:244138526,MMSI,DE SWEAGEN,,244138526,,Passenger ship,Passenger ship,13,6,0,IMPLAUSIBLE,unknown_length,REVIEW_REQUIRED / LOW,LIKELY_FALSE_POSITIVE,0.88,MMSI present; AIS/type metadata: Passenger ship,dimensions are implausible for a yacht analysis,117.41,117.41,51,2,2026-07-01T14:54:23.251Z,2026-07-02T14:40:25.516Z
IMO:9783564,IMO,MEIN SCHIFF 1,9783564,248513000,,Passenger ship,Passenger ship,316,40,0,IMPLAUSIBLE,unknown_length,VERIFIED_OCEAN_CRUISE / HIGH / ACCEPT,LIKELY_FALSE_POSITIVE,0.88,IMO present; MMSI present; AIS/type metadata: Passenger ship,already verified as an accepted ocean/expedition cruise vessel; commercial passenger/cruise scale or classification detected; dimensions are implausible for a yacht analysis,2085.109,2085.109,717,7,2026-07-02T12:24:09.837Z,2026-07-10T09:56:39.253Z
MMSI:244820529,MMSI,WILLY,,244820529,,Passenger ship,Passenger ship,10,4,0,IMPLAUSIBLE,unknown_length,REVIEW_REQUIRED / LOW,LIKELY_FALSE_POSITIVE,0.88,MMSI present; AIS/type metadata: Passenger ship,dimensions are implausible for a yacht analysis,139.109,139.109,113,2,2026-07-01T14:37:05.316Z,2026-07-02T14:49:44.940Z
MMSI:244180556,MMSI,BATAVIA VOC,,244180556,,Passenger ship,Passenger ship,10,4,0,IMPLAUSIBLE,unknown_length,REVIEW_REQUIRED / LOW,LIKELY_FALSE_POSITIVE,0.88,MMSI present; AIS/type metadata: Passenger ship,dimensions are implausible for a yacht analysis,138.262,138.262,59,2,2026-07-01T15:28:43.015Z,2026-07-02T14:50:10.467Z
MMSI:244034442,MMSI,FAYEN,,244034442,,Passenger ship,Passenger ship,10,3,0,IMPLAUSIBLE,unknown_length,REVIEW_REQUIRED / LOW,LIKELY_FALSE_POSITIVE,0.88,MMSI present; AIS/type metadata: Passenger ship,dimensions are implausible for a yacht analysis,130.788,130.788,149,2,2026-07-01T14:43:43.822Z,2026-07-02T14:49:03.157Z
MMSI:244820284,MMSI,IVAN FRANK,,244820284,,Passenger ship,Passenger ship,10,4,0,IMPLAUSIBLE,unknown_length,REVIEW_REQUIRED / LOW,LIKELY_FALSE_POSITIVE,0.88,MMSI present; AIS/type metadata: Passenger ship,dimensions are implausible for a yacht analysis,129.891,129.891,104,2,2026-07-01T15:42:34.883Z,2026-07-02T14:49:46.445Z
MMSI:244993131,MMSI,MAJESTIC,,244993131,,Passenger ship,Passenger ship,10,4,0,IMPLAUSIBLE,unknown_length,REVIEW_REQUIRED / LOW,LIKELY_FALSE_POSITIVE,0.88,MMSI present; AIS/type metadata: Passenger ship,dimensions are implausible for a yacht analysis,128.746,128.746,75,2,2026-07-01T14:56:38.375Z,2026-07-02T14:50:33.319Z
MMSI:367380120,MMSI,HORNBLOWER HYBRID,,367380120,,Passenger ship,Passenger ship,20,10,0,IMPLAUSIBLE,unknown_length,REVIEW_REQUIRED / LOW,LIKELY_FALSE_POSITIVE,0.88,MMSI present; AIS/type metadata: Passenger ship,dimensions are implausible for a yacht analysis,26.78,26.78,27,1,2026-07-01T16:57:12.546Z,2026-07-01T18:16:32.212Z
